{
    "CAD_BTC": 0.00002004,
    "BTC_CAD": 49893.51,
    "CAD_ETH": 0.000274035195869595,
    "ETH_CAD": 3649.16,
    "USD_BTC": 0.00002551,
    "BTC_USD": 39192.44,
    "USD_ETH": 0.000348857491714634,
    "ETH_USD": 2866.5,
    "BTC_ETH": 13.663068725235687,
    "ETH_BTC": 0.07319,
    "CAD_USD": 0.78,
    "USD_CAD": 1.27
  }